customer_id,first_purchase_date,total_purchases,total_spent,segment
CUST_0901,2023-11-16,6,5750.75,Premium
CUST_0485,2023-11-16,6,1443.3,Régulier
CUST_0606,2023-11-16,2,622.38,Régulier
CUST_0315,2023-11-16,5,2211.65,Premium
CUST_0868,2023-11-16,6,2501.81,Premium
CUST_0400,2023-11-16,4,1518.29,Régulier
CUST_0803,2023-11-16,6,2294.02,Premium
CUST_0406,2023-11-16,5,1296.18,Régulier
CUST_0726,2023-11-16,5,1417.93,Régulier
CUST_0043,2023-11-16,6,406.04,Occasionnel
CUST_0190,2023-11-16,3,1565.33,Régulier
CUST_0298,2023-11-16,6,2274.67,Premium
CUST_0776,2023-11-16,8,1880.75,Régulier
CUST_0184,2023-11-16,6,944.92,Régulier
CUST_0420,2023-11-16,5,912.83,Régulier
CUST_0542,2023-11-16,8,7161.58,Premium
CUST_0392,2023-11-16,5,688.9,Régulier
CUST_0211,2023-11-17,4,1329.34,Régulier
CUST_0707,2023-11-17,8,1085.34,Régulier
CUST_0172,2023-11-17,6,6229.67,Premium
CUST_0132,2023-11-17,4,496.4,Occasionnel
CUST_0812,2023-11-17,4,393.94,Occasionnel
CUST_0659,2023-11-17,8,1885.18,Régulier
CUST_0937,2023-11-17,4,5165.5,Premium
CUST_0434,2023-11-17,6,1147.71,Régulier
CUST_0232,2023-11-17,7,478.38,Occasionnel
CUST_0330,2023-11-17,2,653.72,Régulier
CUST_0634,2023-11-17,5,657.43,Régulier
CUST_0787,2023-11-17,4,853.05,Régulier
CUST_0940,2023-11-17,4,3215.41,Premium
CUST_0515,2023-11-17,8,3223.13,Premium
CUST_0414,2023-11-17,6,1290.92,Régulier
CUST_0810,2023-11-17,6,5414.75,Premium
CUST_0878,2023-11-17,2,1322.42,Régulier
CUST_0054,2023-11-17,8,2537.12,Premium
CUST_0082,2023-11-17,10,2658.96,Premium
CUST_0307,2023-11-17,5,1170.11,Régulier
CUST_0457,2023-11-17,6,6530.83,Premium
CUST_0125,2023-11-17,1,144.5,Occasionnel
CUST_0226,2023-11-17,4,857.97,Régulier
CUST_0898,2023-11-18,3,369.42,Occasionnel
CUST_0281,2023-11-18,8,3893.03,Premium
CUST_0915,2023-11-18,4,1316.69,Régulier
CUST_0436,2023-11-18,6,2484.79,Premium
CUST_0193,2023-11-18,5,2827.57,Premium
CUST_0322,2023-11-18,6,1278.84,Régulier
CUST_0009,2023-11-18,4,308.05,Occasionnel
CUST_0236,2023-11-18,2,1314.35,Régulier
CUST_0717,2023-11-18,6,8436.26,Premium
CUST_0486,2023-11-18,8,1596.44,Régulier
CUST_0012,2023-11-18,4,1983.23,Régulier
CUST_0390,2023-11-18,4,858.65,Régulier
CUST_0456,2023-11-18,7,3014.99,Premium
CUST_0738,2023-11-18,3,1446.28,Régulier
CUST_0697,2023-11-18,8,4335.19,Premium
CUST_0755,2023-11-18,8,4138.92,Premium
CUST_0764,2023-11-18,7,1252.92,Régulier
CUST_0503,2023-11-18,10,1433.87,Régulier
CUST_0027,2023-11-18,5,2868.55,Premium
CUST_0022,2023-11-18,6,2357.99,Premium
CUST_0786,2023-11-18,6,4877.87,Premium
CUST_0719,2023-11-19,6,6205.18,Premium
CUST_0460,2023-11-19,6,3515.62,Premium
CUST_0695,2023-11-19,9,4327.61,Premium
CUST_0059,2023-11-19,5,1328.2,Régulier
CUST_0224,2023-11-19,5,1728.9,Régulier
CUST_0846,2023-11-19,6,3587.81,Premium
CUST_0933,2023-11-19,5,1104.15,Régulier
CUST_0840,2023-11-19,4,302.7,Occasionnel
CUST_0574,2023-11-19,3,1136.97,Régulier
CUST_0808,2023-11-19,7,607.76,Régulier
CUST_0759,2023-11-19,4,358.65,Occasionnel
CUST_0326,2023-11-19,7,4159.8,Premium
CUST_0691,2023-11-19,5,1225.59,Régulier
CUST_0140,2023-11-19,6,1951.88,Régulier
CUST_0355,2023-11-19,3,1006.84,Régulier
CUST_0272,2023-11-19,5,2644.67,Premium
CUST_0893,2023-11-19,3,829.74,Régulier
CUST_0865,2023-11-19,6,1086.39,Régulier
CUST_0235,2023-11-19,3,1220.86,Régulier
CUST_0942,2023-11-19,4,2837.1,Premium
CUST_0182,2023-11-19,4,1480.84,Régulier
CUST_0444,2023-11-19,7,1178.31,Régulier
CUST_0800,2023-11-19,7,2836.7,Premium
CUST_0594,2023-11-20,4,692.86,Régulier
CUST_0945,2023-11-20,7,1736.44,Régulier
CUST_0970,2023-11-20,6,790.85,Régulier
CUST_0780,2023-11-20,7,3670.7,Premium
CUST_0018,2023-11-20,8,9044.56,Premium
CUST_0046,2023-11-20,6,1779.52,Régulier
CUST_0468,2023-11-20,7,1715.86,Régulier
CUST_0763,2023-11-20,8,3277.57,Premium
CUST_0548,2023-11-20,7,4896.35,Premium
CUST_0493,2023-11-20,5,1620.73,Régulier
CUST_0605,2023-11-20,11,3316.21,Premium
CUST_0394,2023-11-20,6,1810.62,Régulier
CUST_0889,2023-11-20,5,713.03,Régulier
CUST_0051,2023-11-20,12,1927.17,Régulier
CUST_0547,2023-11-20,5,507.04,Régulier
CUST_0327,2023-11-20,6,1625.11,Régulier
CUST_0383,2023-11-20,5,1935.55,Régulier
CUST_0919,2023-11-20,4,1715.53,Régulier
CUST_0992,2023-11-20,4,654.49,Régulier
CUST_0167,2023-11-20,6,1328.97,Régulier
CUST_0516,2023-11-20,10,8431.54,Premium
CUST_0196,2023-11-20,8,822.51,Régulier
CUST_0359,2023-11-20,4,1197.57,Régulier
CUST_0769,2023-11-20,9,2522.08,Premium
CUST_0934,2023-11-21,6,3382.32,Premium
CUST_0469,2023-11-21,9,3189.86,Premium
CUST_0399,2023-11-21,9,6183.71,Premium
CUST_0860,2023-11-21,4,2878.73,Premium
CUST_0571,2023-11-21,5,782.3,Régulier
CUST_0663,2023-11-21,10,3861.27,Premium
CUST_0801,2023-11-21,5,2096.6,Premium
CUST_0259,2023-11-21,8,5263.52,Premium
CUST_0607,2023-11-21,6,2274.03,Premium
CUST_0539,2023-11-21,8,9008.35,Premium
CUST_0130,2023-11-21,7,4852.02,Premium
CUST_0410,2023-11-21,9,2532.67,Premium
CUST_0749,2023-11-21,7,3760.73,Premium
CUST_0592,2023-11-22,6,1524.45,Régulier
CUST_0470,2023-11-22,4,539.91,Régulier
CUST_0252,2023-11-22,9,1714.84,Régulier
CUST_0005,2023-11-22,4,2030.47,Premium
CUST_0497,2023-11-22,9,2776.3,Premium
CUST_0817,2023-11-22,7,1809.04,Régulier
CUST_0946,2023-11-22,8,5244.95,Premium
CUST_0288,2023-11-22,4,329.25,Occasionnel
CUST_0258,2023-11-22,4,896.53,Régulier
CUST_0569,2023-11-22,6,666.02,Régulier
CUST_0338,2023-11-22,9,2501.51,Premium
CUST_0913,2023-11-22,5,1973.39,Régulier
CUST_0191,2023-11-22,8,1963.46,Régulier
CUST_0286,2023-11-23,3,4103.85,Premium
CUST_0813,2023-11-23,10,1187.51,Régulier
CUST_0635,2023-11-23,9,2885.35,Premium
CUST_0916,2023-11-23,10,2613.2,Premium
CUST_0479,2023-11-23,8,2743.9,Premium
CUST_0867,2023-11-23,4,652.27,Régulier
CUST_0378,2023-11-23,5,2256.67,Premium
CUST_0728,2023-11-23,5,739.96,Régulier
CUST_0740,2023-11-23,8,3618.53,Premium
CUST_0628,2023-11-23,7,2141.6,Premium
CUST_0777,2023-11-23,5,3104.99,Premium
CUST_0465,2023-11-23,6,2269.7,Premium
CUST_0218,2023-11-23,5,1197.36,Régulier
CUST_0160,2023-11-23,4,1431.63,Régulier
CUST_0484,2023-11-23,6,2642.67,Premium
CUST_0155,2023-11-23,3,894.15,Régulier
CUST_0428,2023-11-23,6,3912.52,Premium
CUST_0412,2023-11-23,8,4323.52,Premium
CUST_0373,2023-11-23,9,4172.8,Premium
CUST_0696,2023-11-23,5,1508.97,Régulier
CUST_0387,2023-11-24,5,748.94,Régulier
CUST_0520,2023-11-24,5,2049.85,Premium
CUST_0237,2023-11-24,4,1532.5,Régulier
CUST_0864,2023-11-24,6,2060.21,Premium
CUST_0672,2023-11-24,9,1958.55,Régulier
CUST_0083,2023-11-24,4,1220.99,Régulier
CUST_0884,2023-11-24,5,3298.06,Premium
CUST_0202,2023-11-24,5,2000.91,Premium
CUST_0090,2023-11-24,5,1152.09,Régulier
CUST_0311,2023-11-24,5,531.34,Régulier
CUST_0010,2023-11-24,5,1811.37,Régulier
CUST_0161,2023-11-24,6,1173.84,Régulier
CUST_0271,2023-11-24,9,3759.41,Premium
CUST_0352,2023-11-24,4,313.93,Occasionnel
CUST_0385,2023-11-24,8,3615.75,Premium
CUST_0843,2023-11-24,3,474.11,Occasionnel
CUST_0793,2023-11-24,8,3916.3,Premium
CUST_0262,2023-11-24,6,1975.2,Régulier
CUST_0363,2023-11-24,9,2087.58,Premium
CUST_0328,2023-11-24,10,3057.72,Premium
CUST_0675,2023-11-24,4,1061.93,Régulier
CUST_0582,2023-11-24,9,1913.64,Régulier
CUST_0149,2023-11-24,10,2439.18,Premium
CUST_0543,2023-11-24,3,552.28,Régulier
CUST_0935,2023-11-25,8,4909.08,Premium
CUST_0912,2023-11-25,5,1306.66,Régulier
CUST_0676,2023-11-25,5,2991.15,Premium
CUST_0396,2023-11-25,4,1505.67,Régulier
CUST_0646,2023-11-25,2,117.03,Occasionnel
CUST_0680,2023-11-25,4,702.12,Régulier
CUST_0873,2023-11-25,4,139.5,Occasionnel
CUST_0071,2023-11-25,5,1594.99,Régulier
CUST_0725,2023-11-25,7,2755.4,Premium
CUST_0585,2023-11-25,5,1635.48,Régulier
CUST_0876,2023-11-25,6,1363.95,Régulier
CUST_0449,2023-11-25,5,687.26,Régulier
CUST_0918,2023-11-25,6,2546.9,Premium
CUST_0866,2023-11-25,6,1726.49,Régulier
CUST_0393,2023-11-25,7,1356.95,Régulier
CUST_0530,2023-11-25,7,1927.54,Régulier
CUST_0583,2023-11-26,6,4601.75,Premium
CUST_0247,2023-11-26,6,965.59,Régulier
CUST_0351,2023-11-26,5,737.6,Régulier
CUST_0687,2023-11-26,5,664.03,Régulier
CUST_0762,2023-11-26,6,2008.52,Premium
CUST_0240,2023-11-26,2,378.26,Occasionnel
CUST_0148,2023-11-26,5,3634.16,Premium
CUST_0360,2023-11-26,7,2073.26,Premium
CUST_0897,2023-11-26,3,8475.89,Premium
CUST_0595,2023-11-26,3,906.35,Régulier
CUST_0152,2023-11-26,10,3012.06,Premium
CUST_0512,2023-11-26,2,1051.15,Régulier
CUST_0257,2023-11-26,4,1792.92,Régulier
CUST_0405,2023-11-26,9,1458.47,Régulier
CUST_0217,2023-11-26,3,595.78,Régulier
CUST_0974,2023-11-26,5,1176.43,Régulier
CUST_0013,2023-11-26,5,3470.9,Premium
CUST_0798,2023-11-26,9,3957.54,Premium
CUST_0362,2023-11-26,3,458.25,Occasionnel
CUST_0314,2023-11-26,8,1429.11,Régulier
CUST_0141,2023-11-26,5,2172.84,Premium
CUST_0119,2023-11-26,2,272.91,Occasionnel
CUST_0714,2023-11-26,9,2695.23,Premium
CUST_0848,2023-11-27,4,2409.34,Premium
CUST_0790,2023-11-27,4,2517.67,Premium
CUST_0824,2023-11-27,7,2319.91,Premium
CUST_0549,2023-11-27,8,2760.48,Premium
CUST_0042,2023-11-27,6,2489.41,Premium
CUST_0336,2023-11-27,7,3885.07,Premium
CUST_0135,2023-11-27,6,1016.07,Régulier
CUST_0856,2023-11-27,4,630.77,Régulier
CUST_0376,2023-11-27,3,1956.93,Régulier
CUST_0340,2023-11-27,5,1830.86,Régulier
CUST_0829,2023-11-27,7,1908.45,Régulier
CUST_0958,2023-11-27,6,2872.54,Premium
CUST_0419,2023-11-27,9,6834.48,Premium
CUST_0411,2023-11-27,9,6886.44,Premium
CUST_0207,2023-11-27,4,1095.78,Régulier
CUST_0215,2023-11-27,3,885.52,Régulier
CUST_0173,2023-11-27,7,6278.95,Premium
CUST_0727,2023-11-27,4,564.83,Régulier
CUST_0473,2023-11-27,8,3052.79,Premium
CUST_0858,2023-11-27,2,342.98,Occasionnel
CUST_0837,2023-11-27,5,1314.48,Régulier
CUST_0828,2023-11-28,10,4766.53,Premium
CUST_0003,2023-11-28,6,6253.33,Premium
CUST_0103,2023-11-28,9,5347.97,Premium
CUST_0647,2023-11-28,5,3343.31,Premium
CUST_0187,2023-11-28,6,3153.16,Premium
CUST_0375,2023-11-28,6,2598.35,Premium
CUST_0241,2023-11-28,8,2926.09,Premium
CUST_0578,2023-11-28,4,2599.14,Premium
CUST_0417,2023-11-28,10,2424.71,Premium
CUST_0494,2023-11-28,4,3748.01,Premium
CUST_0501,2023-11-28,5,1716.95,Régulier
CUST_0907,2023-11-28,7,2271.07,Premium
CUST_0665,2023-11-29,6,696.17,Régulier
CUST_0382,2023-11-29,5,3927.69,Premium
CUST_0624,2023-11-29,6,752.98,Régulier
CUST_0199,2023-11-29,6,778.12,Régulier
CUST_0708,2023-11-29,6,1168.89,Régulier
CUST_0287,2023-11-29,5,4613.32,Premium
CUST_0381,2023-11-29,5,1873.92,Régulier
CUST_0552,2023-11-29,2,348.8,Occasionnel
CUST_0189,2023-11-29,7,1627.91,Régulier
CUST_0637,2023-11-29,4,1666.64,Régulier
CUST_0821,2023-11-29,4,1794.12,Régulier
CUST_0980,2023-11-29,2,494.95,Occasionnel
CUST_0426,2023-11-29,9,7563.02,Premium
CUST_0629,2023-11-29,8,3637.36,Premium
CUST_0283,2023-11-29,7,2716.56,Premium
CUST_0391,2023-11-29,7,1846.73,Régulier
CUST_0171,2023-11-29,6,1280.01,Régulier
CUST_0849,2023-11-29,5,5401.57,Premium
CUST_0162,2023-11-30,5,878.83,Régulier
CUST_0581,2023-11-30,10,2564.37,Premium
CUST_0969,2023-11-30,5,906.67,Régulier
CUST_0855,2023-11-30,3,176.02,Occasionnel
CUST_0784,2023-11-30,3,762.79,Régulier
CUST_0823,2023-11-30,7,6885.11,Premium
CUST_0451,2023-11-30,6,2727.68,Premium
CUST_0163,2023-11-30,4,1058.6,Régulier
CUST_0892,2023-11-30,5,1716.4,Régulier
CUST_0260,2023-11-30,5,2090.27,Premium
CUST_0962,2023-11-30,5,1045.91,Régulier
CUST_0792,2023-11-30,3,973.37,Régulier
CUST_0689,2023-11-30,7,4395.91,Premium
CUST_0953,2023-11-30,7,5232.74,Premium
CUST_0677,2023-11-30,6,449.18,Occasionnel
CUST_0841,2023-11-30,2,1892.28,Régulier
CUST_0304,2023-11-30,2,609.77,Régulier
CUST_0642,2023-11-30,5,3414.7,Premium
CUST_0339,2023-11-30,7,2354.35,Premium
CUST_0294,2023-11-30,4,2638.83,Premium
CUST_0882,2023-11-30,3,1137.11,Régulier
CUST_0627,2023-11-30,6,2581.46,Premium
CUST_0144,2023-11-30,7,4499.49,Premium
CUST_0031,2023-12-01,6,1708.52,Régulier
CUST_0989,2023-12-01,2,648.37,Régulier
CUST_0446,2023-12-01,9,4922.02,Premium
CUST_0185,2023-12-01,7,1358.8,Régulier
CUST_0971,2023-12-01,6,1640.88,Régulier
CUST_0669,2023-12-01,1,56.78,Occasionnel
CUST_0085,2023-12-01,3,427.67,Occasionnel
CUST_0546,2023-12-01,4,1926.31,Régulier
CUST_0667,2023-12-01,4,1470.31,Régulier
CUST_0279,2023-12-01,4,966.7,Régulier
CUST_0601,2023-12-01,3,270.05,Occasionnel
CUST_0894,2023-12-01,4,686.02,Régulier
CUST_0398,2023-12-01,6,754.42,Régulier
CUST_0506,2023-12-01,5,1849.8,Régulier
CUST_0850,2023-12-01,7,856.89,Régulier
CUST_0807,2023-12-01,7,882.68,Régulier
CUST_0231,2023-12-01,5,1159.77,Régulier
CUST_0370,2023-12-02,9,1127.13,Régulier
CUST_0056,2023-12-02,4,2939.78,Premium
CUST_0991,2023-12-02,7,786.02,Régulier
CUST_0154,2023-12-02,4,4030.09,Premium
CUST_0977,2023-12-02,5,2283.41,Premium
CUST_0638,2023-12-02,1,1137.12,Régulier
CUST_0633,2023-12-02,6,3091.5,Premium
CUST_0688,2023-12-02,4,2029.12,Premium
CUST_0168,2023-12-02,5,1227.1,Régulier
CUST_0463,2023-12-02,7,3311.96,Premium
CUST_0852,2023-12-02,7,4090.01,Premium
CUST_0686,2023-12-02,3,2261.76,Premium
CUST_0197,2023-12-02,7,1392.51,Régulier
CUST_0703,2023-12-02,4,699.72,Régulier
CUST_0690,2023-12-02,8,3182.16,Premium
CUST_0308,2023-12-02,12,5808.78,Premium
CUST_0275,2023-12-02,5,3208.81,Premium
CUST_0032,2023-12-02,5,1973.63,Régulier
CUST_0909,2023-12-02,8,4073.57,Premium
CUST_0293,2023-12-03,8,4841.14,Premium
CUST_0891,2023-12-03,5,1344.19,Régulier
CUST_0297,2023-12-03,5,221.18,Occasionnel
CUST_0932,2023-12-03,10,8710.47,Premium
CUST_0567,2023-12-03,9,7221.92,Premium
CUST_0621,2023-12-03,4,1331.01,Régulier
CUST_0075,2023-12-03,4,749.98,Régulier
CUST_0109,2023-12-03,4,3583.43,Premium
CUST_0181,2023-12-03,6,1341.25,Régulier
CUST_0533,2023-12-03,8,3215.13,Premium
CUST_0335,2023-12-03,3,1750.73,Régulier
CUST_0716,2023-12-03,3,1591.49,Régulier
CUST_0657,2023-12-03,5,1822.2,Régulier
CUST_0838,2023-12-03,3,1628.87,Régulier
CUST_0408,2023-12-03,3,4940.72,Premium
CUST_0461,2023-12-03,4,438.32,Occasionnel
CUST_0959,2023-12-03,6,4422.63,Premium
CUST_0384,2023-12-03,8,3860.01,Premium
CUST_0724,2023-12-03,4,1100.18,Régulier
CUST_0570,2023-12-03,8,7554.43,Premium
CUST_0761,2023-12-04,5,1111.35,Régulier
CUST_0924,2023-12-04,3,981.43,Régulier
CUST_0015,2023-12-04,5,866.28,Régulier
CUST_0653,2023-12-04,8,2698.6,Premium
CUST_0248,2023-12-04,4,1563.79,Régulier
CUST_0121,2023-12-04,2,168.17,Occasionnel
CUST_0616,2023-12-04,3,3592.74,Premium
CUST_0639,2023-12-04,4,582.23,Régulier
CUST_0888,2023-12-04,14,8907.58,Premium
CUST_0343,2023-12-04,4,899.81,Régulier
CUST_0699,2023-12-04,8,2763.19,Premium
CUST_0354,2023-12-04,6,5609.38,Premium
CUST_0153,2023-12-04,5,2334.02,Premium
CUST_0540,2023-12-04,5,1703.69,Régulier
CUST_0480,2023-12-04,7,5034.54,Premium
CUST_0779,2023-12-04,3,296.59,Occasionnel
CUST_0462,2023-12-04,5,1665.6,Régulier
CUST_0007,2023-12-04,7,4342.41,Premium
CUST_0529,2023-12-05,5,454.21,Occasionnel
CUST_0186,2023-12-05,6,1551.1,Régulier
CUST_0664,2023-12-05,4,458.98,Occasionnel
CUST_0551,2023-12-05,4,878.19,Régulier
CUST_0371,2023-12-05,5,624.89,Régulier
CUST_0502,2023-12-05,5,4846.09,Premium
CUST_0632,2023-12-05,5,1923.53,Régulier
CUST_0066,2023-12-06,5,1146.65,Régulier
CUST_0678,2023-12-06,3,863.0,Régulier
CUST_0753,2023-12-06,8,3994.88,Premium
CUST_0321,2023-12-06,5,1614.5,Régulier
CUST_0580,2023-12-06,3,1334.95,Régulier
CUST_0188,2023-12-06,8,2336.86,Premium
CUST_0269,2023-12-06,2,286.85,Occasionnel
CUST_0978,2023-12-06,3,320.67,Occasionnel
CUST_0060,2023-12-06,5,838.95,Régulier
CUST_0432,2023-12-06,6,2920.32,Premium
CUST_0604,2023-12-06,6,1289.69,Régulier
CUST_0550,2023-12-06,7,2614.95,Premium
CUST_0052,2023-12-06,3,1040.13,Régulier
CUST_0230,2023-12-07,6,1830.67,Régulier
CUST_0361,2023-12-07,3,1775.92,Régulier
CUST_0250,2023-12-07,6,3626.48,Premium
CUST_0285,2023-12-07,6,3964.43,Premium
CUST_0024,2023-12-07,5,1273.91,Régulier
CUST_0178,2023-12-07,4,1011.16,Régulier
CUST_0545,2023-12-07,6,2206.92,Premium
CUST_0910,2023-12-07,5,4945.2,Premium
CUST_0927,2023-12-07,9,7432.48,Premium
CUST_0309,2023-12-07,7,1055.41,Régulier
CUST_0831,2023-12-07,5,4127.48,Premium
CUST_0353,2023-12-07,6,1605.61,Régulier
CUST_0377,2023-12-07,4,1872.22,Régulier
CUST_0034,2023-12-08,3,1469.16,Régulier
CUST_0289,2023-12-08,4,2182.7,Premium
CUST_0212,2023-12-08,7,3390.25,Premium
CUST_0799,2023-12-08,5,2643.49,Premium
CUST_0356,2023-12-08,4,3855.14,Premium
CUST_0069,2023-12-08,4,832.15,Régulier
CUST_0175,2023-12-08,6,1285.17,Régulier
CUST_0826,2023-12-08,10,4990.59,Premium
CUST_0346,2023-12-08,8,5584.33,Premium
CUST_0872,2023-12-08,7,1460.3,Régulier
CUST_0949,2023-12-08,5,259.75,Occasionnel
CUST_0886,2023-12-09,9,1862.27,Régulier
CUST_0047,2023-12-09,7,1836.88,Régulier
CUST_0802,2023-12-09,7,2078.0,Premium
CUST_0028,2023-12-09,6,1986.55,Régulier
CUST_0029,2023-12-09,5,770.95,Régulier
CUST_0379,2023-12-09,2,1170.86,Régulier
CUST_0036,2023-12-09,5,3933.92,Premium
CUST_0597,2023-12-09,7,940.68,Régulier
CUST_0209,2023-12-09,3,5185.24,Premium
CUST_0972,2023-12-10,8,1238.42,Régulier
CUST_0145,2023-12-10,6,4669.45,Premium
CUST_0131,2023-12-10,5,1909.54,Régulier
CUST_0743,2023-12-10,3,1415.22,Régulier
CUST_0402,2023-12-10,7,2524.79,Premium
CUST_0890,2023-12-10,5,1612.89,Régulier
CUST_0700,2023-12-10,4,1200.19,Régulier
CUST_0118,2023-12-10,3,713.75,Régulier
CUST_0706,2023-12-10,2,28.13,Occasionnel
CUST_0683,2023-12-10,8,3297.72,Premium
CUST_0999,2023-12-10,4,327.83,Occasionnel
CUST_0122,2023-12-10,5,1891.32,Régulier
CUST_0439,2023-12-10,4,4655.9,Premium
CUST_0518,2023-12-10,2,201.82,Occasionnel
CUST_0660,2023-12-10,10,4409.89,Premium
CUST_0600,2023-12-11,3,892.28,Régulier
CUST_0757,2023-12-11,4,2123.43,Premium
CUST_0474,2023-12-11,4,273.7,Occasionnel
CUST_0521,2023-12-11,5,945.27,Régulier
CUST_0324,2023-12-11,7,3345.07,Premium
CUST_0234,2023-12-11,11,3479.49,Premium
CUST_0134,2023-12-11,8,1906.81,Régulier
CUST_0430,2023-12-11,7,5066.79,Premium
CUST_0433,2023-12-11,3,1288.65,Régulier
CUST_0505,2023-12-11,7,2342.12,Premium
CUST_0673,2023-12-11,5,5498.84,Premium
CUST_0403,2023-12-12,3,275.73,Occasionnel
CUST_0106,2023-12-12,6,1907.71,Régulier
CUST_0143,2023-12-12,5,4383.98,Premium
CUST_0111,2023-12-12,6,4541.5,Premium
CUST_0319,2023-12-12,2,1513.39,Régulier
CUST_0612,2023-12-12,7,3259.18,Premium
CUST_0110,2023-12-12,7,2825.84,Premium
CUST_0804,2023-12-12,4,2482.98,Premium
CUST_0645,2023-12-12,5,1794.24,Régulier
CUST_0584,2023-12-12,3,1679.27,Régulier
CUST_0448,2023-12-12,6,2134.21,Premium
CUST_0062,2023-12-12,7,4912.93,Premium
CUST_0295,2023-12-12,8,2341.46,Premium
CUST_0341,2023-12-13,7,499.64,Occasionnel
CUST_0626,2023-12-13,5,1756.56,Régulier
CUST_0885,2023-12-13,3,2060.66,Premium
CUST_0579,2023-12-13,5,1163.25,Régulier
CUST_0156,2023-12-13,6,3891.23,Premium
CUST_0854,2023-12-13,3,488.35,Occasionnel
CUST_0429,2023-12-13,5,1249.27,Régulier
CUST_0936,2023-12-13,4,105.13,Occasionnel
CUST_0816,2023-12-13,6,5189.55,Premium
CUST_0048,2023-12-13,2,357.16,Occasionnel
CUST_0950,2023-12-13,4,1561.33,Régulier
CUST_0053,2023-12-13,7,2936.79,Premium
CUST_0591,2023-12-13,7,2767.74,Premium
CUST_0773,2023-12-13,8,3181.93,Premium
CUST_0747,2023-12-13,6,4807.04,Premium
CUST_0227,2023-12-13,7,2654.38,Premium
CUST_0366,2023-12-14,7,2830.89,Premium
CUST_0952,2023-12-14,1,129.09,Occasionnel
CUST_0566,2023-12-14,5,994.92,Régulier
CUST_0754,2023-12-14,6,762.65,Régulier
CUST_0851,2023-12-14,3,362.37,Occasionnel
CUST_0261,2023-12-14,6,754.61,Régulier
CUST_0966,2023-12-14,4,3129.88,Premium
CUST_0555,2023-12-14,7,3078.59,Premium
CUST_0458,2023-12-14,7,1440.62,Régulier
CUST_0089,2023-12-14,7,5360.15,Premium
CUST_0744,2023-12-14,4,268.32,Occasionnel
CUST_0721,2023-12-14,10,3222.26,Premium
CUST_0788,2023-12-14,6,1869.41,Régulier
CUST_0499,2023-12-15,5,6036.07,Premium
CUST_0198,2023-12-15,5,1415.13,Régulier
CUST_0908,2023-12-15,5,1224.94,Régulier
CUST_0524,2023-12-15,4,1315.31,Régulier
CUST_0729,2023-12-16,5,1621.37,Régulier
CUST_0538,2023-12-16,7,1646.97,Régulier
CUST_0206,2023-12-16,4,1087.47,Régulier
CUST_0575,2023-12-16,8,1769.02,Régulier
CUST_0553,2023-12-16,7,1741.1,Régulier
CUST_0488,2023-12-16,7,1707.82,Régulier
CUST_0615,2023-12-16,5,1232.75,Régulier
CUST_0532,2023-12-16,6,1592.22,Régulier
CUST_0883,2023-12-16,6,2605.13,Premium
CUST_0239,2023-12-16,7,2270.59,Premium
CUST_0105,2023-12-16,2,193.25,Occasionnel
CUST_0476,2023-12-16,8,2155.83,Premium
CUST_0775,2023-12-16,7,1732.7,Régulier
CUST_0442,2023-12-16,9,3058.54,Premium
CUST_0292,2023-12-16,5,5173.75,Premium
CUST_0081,2023-12-16,6,4808.33,Premium
CUST_0067,2023-12-17,6,1769.72,Régulier
CUST_0733,2023-12-17,4,649.16,Régulier
CUST_0126,2023-12-17,4,1183.76,Régulier
CUST_0510,2023-12-17,1,199.88,Occasionnel
CUST_0210,2023-12-17,9,2815.19,Premium
CUST_0044,2023-12-17,4,430.53,Occasionnel
CUST_0301,2023-12-17,8,1094.92,Régulier
CUST_0863,2023-12-18,4,777.5,Régulier
CUST_0670,2023-12-18,4,1857.69,Régulier
CUST_0136,2023-12-18,5,1631.99,Régulier
CUST_0811,2023-12-18,8,8866.35,Premium
CUST_0389,2023-12-18,7,2829.49,Premium
CUST_0233,2023-12-18,3,514.34,Régulier
CUST_0342,2023-12-18,2,466.07,Occasionnel
CUST_0264,2023-12-18,4,1221.15,Régulier
CUST_0318,2023-12-19,5,946.2,Régulier
CUST_0447,2023-12-19,4,830.6,Régulier
CUST_0785,2023-12-19,4,1292.32,Régulier
CUST_0783,2023-12-19,5,515.67,Régulier
CUST_0020,2023-12-19,7,2830.57,Premium
CUST_0508,2023-12-19,8,6235.51,Premium
CUST_0422,2023-12-19,2,313.87,Occasionnel
CUST_0088,2023-12-19,4,3679.18,Premium
CUST_0619,2023-12-20,8,2654.5,Premium
CUST_0441,2023-12-20,2,471.98,Occasionnel
CUST_0504,2023-12-20,4,808.78,Régulier
CUST_0982,2023-12-20,5,2694.07,Premium
CUST_0587,2023-12-20,11,2572.65,Premium
CUST_0305,2023-12-20,6,5452.73,Premium
CUST_0490,2023-12-21,5,2859.63,Premium
CUST_0794,2023-12-21,4,892.49,Régulier
CUST_0063,2023-12-21,8,3720.93,Premium
CUST_0929,2023-12-21,9,3533.69,Premium
CUST_0299,2023-12-21,4,192.36,Occasionnel
CUST_0070,2023-12-21,2,1015.4,Régulier
CUST_0741,2023-12-21,3,416.9,Occasionnel
CUST_0514,2023-12-21,4,1890.14,Régulier
CUST_0767,2023-12-21,7,1918.49,Régulier
CUST_0685,2023-12-21,9,2671.19,Premium
CUST_0655,2023-12-22,3,664.74,Régulier
CUST_0238,2023-12-22,4,1401.17,Régulier
CUST_0423,2023-12-22,4,626.51,Régulier
CUST_0123,2023-12-22,4,2547.49,Premium
CUST_0590,2023-12-22,8,4690.9,Premium
CUST_0097,2023-12-22,9,2015.55,Premium
CUST_0483,2023-12-22,5,4304.08,Premium
CUST_0988,2023-12-22,5,4193.06,Premium
CUST_0658,2023-12-22,6,2537.16,Premium
CUST_0791,2023-12-22,9,3160.7,Premium
CUST_0814,2023-12-22,8,4147.01,Premium
CUST_0573,2023-12-22,7,1348.96,Régulier
CUST_0833,2023-12-22,4,5195.83,Premium
CUST_0157,2023-12-22,5,1010.27,Régulier
CUST_0002,2023-12-22,4,1667.9,Régulier
CUST_0487,2023-12-23,4,782.14,Régulier
CUST_0445,2023-12-23,3,487.54,Occasionnel
CUST_0968,2023-12-23,3,1231.71,Régulier
CUST_0214,2023-12-23,3,2070.72,Premium
CUST_0617,2023-12-23,3,469.9,Occasionnel
CUST_0093,2023-12-23,9,4711.44,Premium
CUST_0220,2023-12-23,5,268.05,Occasionnel
CUST_0928,2023-12-23,3,718.94,Régulier
CUST_0905,2023-12-23,5,4010.52,Premium
CUST_0602,2023-12-24,6,3433.77,Premium
CUST_0409,2023-12-24,4,1573.21,Régulier
CUST_0709,2023-12-24,8,2125.0,Premium
CUST_0079,2023-12-24,3,529.72,Régulier
CUST_0273,2023-12-24,1,286.87,Occasionnel
CUST_0246,2023-12-24,3,1802.95,Régulier
CUST_0274,2023-12-24,6,1117.69,Régulier
CUST_0332,2023-12-24,6,3220.16,Premium
CUST_0995,2023-12-25,8,2778.63,Premium
CUST_0956,2023-12-25,5,409.56,Occasionnel
CUST_0954,2023-12-25,7,3132.33,Premium
CUST_0565,2023-12-25,9,4815.58,Premium
CUST_0416,2023-12-25,3,893.7,Régulier
CUST_0507,2023-12-25,5,1268.28,Régulier
CUST_0711,2023-12-25,5,737.36,Régulier
CUST_0756,2023-12-25,5,2065.67,Premium
CUST_0684,2023-12-25,3,1724.56,Régulier
CUST_0985,2023-12-25,5,1606.88,Régulier
CUST_0526,2023-12-25,4,780.03,Régulier
CUST_0827,2023-12-25,10,1702.48,Régulier
CUST_0150,2023-12-25,4,1178.93,Régulier
CUST_0443,2023-12-26,8,1797.7,Régulier
CUST_0560,2023-12-26,7,1232.16,Régulier
CUST_0450,2023-12-26,5,615.62,Régulier
CUST_0374,2023-12-26,4,777.49,Régulier
CUST_0117,2023-12-27,7,1845.49,Régulier
CUST_0107,2023-12-27,5,1103.33,Régulier
CUST_0774,2023-12-27,4,1096.05,Régulier
CUST_0536,2023-12-27,6,644.77,Régulier
CUST_0037,2023-12-27,2,1625.61,Régulier
CUST_0877,2023-12-27,4,4919.4,Premium
CUST_0244,2023-12-27,4,2731.61,Premium
CUST_0124,2023-12-27,5,3065.97,Premium
CUST_0050,2023-12-28,4,2290.5,Premium
CUST_0455,2023-12-28,5,7090.17,Premium
CUST_0998,2023-12-28,4,899.72,Régulier
CUST_0796,2023-12-28,5,5580.1,Premium
CUST_0957,2023-12-28,6,3409.66,Premium
CUST_0797,2023-12-28,6,1076.08,Régulier
CUST_0692,2023-12-29,2,185.85,Occasionnel
CUST_0407,2023-12-29,6,756.98,Régulier
CUST_0556,2023-12-29,6,3307.68,Premium
CUST_0129,2023-12-29,4,2259.2,Premium
CUST_0057,2023-12-29,6,3635.58,Premium
CUST_0372,2023-12-29,4,3298.1,Premium
CUST_0205,2023-12-29,8,2080.36,Premium
CUST_0720,2023-12-29,6,3626.64,Premium
CUST_0386,2023-12-29,2,190.64,Occasionnel
CUST_0312,2023-12-29,7,7118.07,Premium
CUST_0077,2023-12-29,5,2117.05,Premium
CUST_0596,2023-12-30,4,2047.92,Premium
CUST_0845,2023-12-30,6,5614.39,Premium
CUST_0704,2023-12-30,6,2217.69,Premium
CUST_0453,2023-12-30,13,5082.0,Premium
CUST_0395,2023-12-30,5,6400.91,Premium
CUST_0440,2023-12-30,5,705.34,Régulier
CUST_0620,2023-12-30,6,811.03,Régulier
CUST_0671,2023-12-30,5,3149.7,Premium
CUST_0805,2023-12-31,4,1552.6,Régulier
CUST_0095,2023-12-31,5,2290.62,Premium
CUST_0983,2023-12-31,4,653.76,Régulier
CUST_0176,2023-12-31,7,3328.2,Premium
CUST_0418,2023-12-31,5,8530.76,Premium
CUST_0055,2024-01-01,4,981.53,Régulier
CUST_0204,2024-01-01,4,2199.88,Premium
CUST_0674,2024-01-01,7,1663.56,Régulier
CUST_0951,2024-01-01,7,1695.02,Régulier
CUST_0760,2024-01-01,4,932.23,Régulier
CUST_0920,2024-01-01,3,942.14,Régulier
CUST_0875,2024-01-01,3,839.9,Régulier
CUST_0732,2024-01-01,7,2934.01,Premium
CUST_0023,2024-01-02,3,247.43,Occasionnel
CUST_0947,2024-01-02,7,4212.87,Premium
CUST_0325,2024-01-02,10,6380.61,Premium
CUST_0302,2024-01-02,3,670.52,Régulier
CUST_0965,2024-01-02,3,1157.2,Régulier
CUST_0004,2024-01-02,4,2512.13,Premium
CUST_0996,2024-01-02,3,709.56,Régulier
CUST_0170,2024-01-02,3,1349.94,Régulier
CUST_0277,2024-01-03,6,2570.83,Premium
CUST_0544,2024-01-03,8,3074.44,Premium
CUST_0035,2024-01-03,1,133.24,Occasionnel
CUST_0815,2024-01-03,6,1763.95,Régulier
CUST_0404,2024-01-03,4,125.95,Occasionnel
CUST_0427,2024-01-03,4,1610.22,Régulier
CUST_0562,2024-01-03,7,4454.15,Premium
CUST_0249,2024-01-03,8,1750.34,Régulier
CUST_0251,2024-01-03,6,2509.81,Premium
CUST_0431,2024-01-03,8,4085.42,Premium
CUST_0874,2024-01-03,6,3535.12,Premium
CUST_0967,2024-01-03,5,2104.69,Premium
CUST_0748,2024-01-04,5,642.99,Régulier
CUST_0291,2024-01-04,6,2404.43,Premium
CUST_0464,2024-01-04,4,1095.7,Régulier
CUST_0641,2024-01-04,5,2980.52,Premium
CUST_0113,2024-01-04,4,471.38,Occasionnel
CUST_0710,2024-01-04,4,309.23,Occasionnel
CUST_0625,2024-01-05,5,2565.31,Premium
CUST_0896,2024-01-05,5,1249.86,Régulier
CUST_0068,2024-01-05,7,4050.28,Premium
CUST_0955,2024-01-05,7,2687.28,Premium
CUST_0844,2024-01-05,5,702.22,Régulier
CUST_0608,2024-01-05,7,1127.66,Régulier
CUST_0169,2024-01-05,6,2407.97,Premium
CUST_0662,2024-01-06,7,1573.06,Régulier
CUST_0344,2024-01-06,3,1638.12,Régulier
CUST_0651,2024-01-06,5,3803.68,Premium
CUST_0640,2024-01-06,3,1106.69,Régulier
CUST_0276,2024-01-06,4,363.65,Occasionnel
CUST_0492,2024-01-07,8,3930.72,Premium
CUST_0017,2024-01-07,3,1185.13,Régulier
CUST_0820,2024-01-07,5,2137.86,Premium
CUST_0049,2024-01-07,5,2456.1,Premium
CUST_0795,2024-01-07,6,1076.09,Régulier
CUST_0415,2024-01-08,3,1045.31,Régulier
CUST_0879,2024-01-08,8,3942.57,Premium
CUST_0557,2024-01-08,3,1025.65,Régulier
CUST_0306,2024-01-08,9,5299.01,Premium
CUST_0270,2024-01-08,5,4790.85,Premium
CUST_0317,2024-01-08,2,105.78,Occasionnel
CUST_0084,2024-01-09,6,1474.9,Régulier
CUST_0859,2024-01-09,5,105.52,Occasionnel
CUST_0222,2024-01-09,5,1479.06,Régulier
CUST_0835,2024-01-09,6,1830.2,Régulier
CUST_0183,2024-01-09,5,1235.64,Régulier
CUST_0401,2024-01-09,5,4128.53,Premium
CUST_0138,2024-01-10,4,783.35,Régulier
CUST_0091,2024-01-10,7,1361.03,Régulier
CUST_0348,2024-01-10,6,2646.69,Premium
CUST_0310,2024-01-10,10,8932.53,Premium
CUST_0216,2024-01-10,6,3206.47,Premium
CUST_0072,2024-01-10,6,4064.71,Premium
CUST_0528,2024-01-10,6,4203.96,Premium
CUST_0180,2024-01-11,6,3869.87,Premium
CUST_0723,2024-01-11,4,1252.32,Régulier
CUST_0201,2024-01-11,5,1220.27,Régulier
CUST_0102,2024-01-11,7,2680.25,Premium
CUST_0880,2024-01-11,4,1860.86,Régulier
CUST_0179,2024-01-11,4,681.23,Régulier
CUST_0300,2024-01-12,4,946.58,Régulier
CUST_0644,2024-01-12,4,541.91,Régulier
CUST_0705,2024-01-12,7,1743.39,Régulier
CUST_0895,2024-01-12,2,889.42,Régulier
CUST_0021,2024-01-13,2,1112.8,Régulier
CUST_0981,2024-01-13,7,2916.29,Premium
CUST_0806,2024-01-13,1,4.82,Occasionnel
CUST_0459,2024-01-13,2,150.23,Occasionnel
CUST_0736,2024-01-13,4,1829.07,Régulier
CUST_0177,2024-01-13,3,602.32,Régulier
CUST_0650,2024-01-13,6,7802.24,Premium
CUST_0495,2024-01-13,5,6066.17,Premium
CUST_0522,2024-01-13,3,1686.37,Régulier
CUST_0208,2024-01-13,1,1678.04,Régulier
CUST_0766,2024-01-13,4,1392.97,Régulier
CUST_0887,2024-01-14,2,691.75,Régulier
CUST_0713,2024-01-14,7,9744.73,Premium
CUST_0278,2024-01-15,2,87.55,Occasionnel
CUST_0146,2024-01-15,2,2225.91,Premium
CUST_0039,2024-01-15,5,140.32,Occasionnel
CUST_0990,2024-01-15,6,1892.93,Régulier
CUST_0080,2024-01-15,6,736.0,Régulier
CUST_0265,2024-01-15,6,2886.06,Premium
CUST_0588,2024-01-15,3,4042.72,Premium
CUST_0349,2024-01-16,8,5324.14,Premium
CUST_0819,2024-01-16,6,923.45,Régulier
CUST_0509,2024-01-16,9,2943.09,Premium
CUST_0482,2024-01-16,4,362.86,Occasionnel
CUST_0115,2024-01-16,4,718.29,Régulier
CUST_0661,2024-01-16,10,3202.04,Premium
CUST_0960,2024-01-17,5,753.68,Régulier
CUST_0652,2024-01-17,5,1006.9,Régulier
CUST_0074,2024-01-17,5,396.41,Occasionnel
CUST_0987,2024-01-17,4,1416.59,Régulier
CUST_0559,2024-01-18,5,872.82,Régulier
CUST_0367,2024-01-18,6,4312.26,Premium
CUST_0944,2024-01-18,5,1599.94,Régulier
CUST_0477,2024-01-18,4,2005.53,Premium
CUST_0471,2024-01-19,5,3331.13,Premium
CUST_0364,2024-01-19,4,2923.06,Premium
CUST_0938,2024-01-19,5,2462.88,Premium
CUST_0094,2024-01-19,6,5396.99,Premium
CUST_0421,2024-01-20,5,786.03,Régulier
CUST_0112,2024-01-20,7,3879.93,Premium
CUST_0350,2024-01-20,6,2237.87,Premium
CUST_0623,2024-01-20,1,268.98,Occasionnel
CUST_0255,2024-01-20,7,3938.13,Premium
CUST_0834,2024-01-21,3,140.06,Occasionnel
CUST_0941,2024-01-21,7,5340.15,Premium
CUST_0280,2024-01-22,3,992.59,Régulier
CUST_0347,2024-01-22,6,1751.91,Régulier
CUST_0869,2024-01-22,6,2069.19,Premium
CUST_0778,2024-01-22,4,318.64,Occasionnel
CUST_0745,2024-01-23,1,244.56,Occasionnel
CUST_0011,2024-01-23,7,2139.03,Premium
CUST_0881,2024-01-23,10,5269.41,Premium
CUST_0268,2024-01-24,2,673.91,Régulier
CUST_0195,2024-01-24,5,1586.77,Régulier
CUST_0078,2024-01-24,5,822.28,Régulier
CUST_0038,2024-01-24,7,1443.79,Régulier
CUST_0576,2024-01-25,6,2608.47,Premium
CUST_0114,2024-01-25,1,101.96,Occasionnel
CUST_0128,2024-01-26,3,1381.28,Régulier
CUST_0266,2024-01-27,3,275.95,Occasionnel
CUST_0065,2024-01-27,5,2438.81,Premium
CUST_0165,2024-01-27,3,1462.59,Régulier
CUST_0818,2024-01-27,3,523.71,Régulier
CUST_0472,2024-01-28,8,3223.71,Premium
CUST_0534,2024-01-28,6,4529.2,Premium
CUST_0973,2024-01-28,4,664.87,Régulier
CUST_0976,2024-01-28,5,3375.63,Premium
CUST_0331,2024-01-28,4,3429.36,Premium
CUST_0142,2024-01-29,6,2115.57,Premium
CUST_0096,2024-01-30,7,1259.19,Régulier
CUST_0679,2024-01-30,3,2169.56,Premium
CUST_0948,2024-01-30,3,651.58,Régulier
CUST_0254,2024-01-30,4,1174.06,Régulier
CUST_0668,2024-01-31,4,507.75,Régulier
CUST_0564,2024-01-31,3,438.89,Occasionnel
CUST_0939,2024-01-31,2,331.42,Occasionnel
CUST_0323,2024-02-01,2,459.26,Occasionnel
CUST_0789,2024-02-01,5,645.46,Régulier
CUST_0478,2024-02-01,3,1099.91,Régulier
CUST_0904,2024-02-01,2,128.49,Occasionnel
CUST_0256,2024-02-02,3,351.7,Occasionnel
CUST_0527,2024-02-02,4,5931.84,Premium
CUST_0903,2024-02-02,4,1765.71,Régulier
CUST_0014,2024-02-02,3,220.0,Occasionnel
CUST_0631,2024-02-03,3,498.97,Occasionnel
CUST_0614,2024-02-03,4,3293.02,Premium
CUST_0752,2024-02-03,5,5334.94,Premium
CUST_0899,2024-02-03,2,85.64,Occasionnel
CUST_0147,2024-02-04,1,191.6,Occasionnel
CUST_0467,2024-02-04,1,0.0,Occasionnel
CUST_0303,2024-02-04,8,1589.93,Régulier
CUST_0496,2024-02-04,2,1721.04,Régulier
CUST_0654,2024-02-05,4,624.1,Régulier
CUST_0133,2024-02-05,1,0.0,Occasionnel
CUST_0563,2024-02-05,6,344.36,Occasionnel
CUST_0158,2024-02-05,8,4242.19,Premium
CUST_0166,2024-02-05,5,2662.55,Premium
CUST_0228,2024-02-05,11,4032.62,Premium
CUST_0100,2024-02-05,4,556.04,Régulier
CUST_0357,2024-02-05,4,1353.01,Régulier
CUST_0413,2024-02-05,3,258.96,Occasionnel
CUST_0263,2024-02-06,2,87.49,Occasionnel
CUST_0006,2024-02-07,4,2583.2,Premium
CUST_0586,2024-02-07,4,973.98,Régulier
CUST_0092,2024-02-07,3,582.92,Régulier
CUST_0466,2024-02-08,5,573.53,Régulier
CUST_0225,2024-02-08,4,1349.25,Régulier
CUST_0572,2024-02-08,3,1018.17,Régulier
CUST_0917,2024-02-08,3,1690.69,Régulier
CUST_0712,2024-02-08,6,1873.6,Régulier
CUST_0519,2024-02-09,4,1131.1,Régulier
CUST_0253,2024-02-09,9,1387.23,Régulier
CUST_0870,2024-02-09,6,2648.82,Premium
CUST_0101,2024-02-10,1,154.02,Occasionnel
CUST_0159,2024-02-11,3,241.78,Occasionnel
CUST_0772,2024-02-11,4,765.78,Régulier
CUST_0751,2024-02-11,6,1135.64,Régulier
CUST_0397,2024-02-12,3,269.24,Occasionnel
CUST_0498,2024-02-12,3,350.96,Occasionnel
CUST_0329,2024-02-13,7,1721.21,Régulier
CUST_0554,2024-02-13,6,3669.2,Premium
CUST_0033,2024-02-13,3,229.57,Occasionnel
CUST_0491,2024-02-13,8,2340.19,Premium
CUST_0770,2024-02-14,3,375.93,Occasionnel
CUST_0284,2024-02-14,2,220.46,Occasionnel
CUST_0008,2024-02-14,4,539.16,Régulier
CUST_0593,2024-02-14,2,927.79,Régulier
CUST_0836,2024-02-16,5,1015.22,Régulier
CUST_0984,2024-02-16,2,1746.08,Régulier
CUST_0599,2024-02-16,3,1214.46,Régulier
CUST_0073,2024-02-17,4,2019.12,Premium
CUST_0076,2024-02-17,5,1592.32,Régulier
CUST_0437,2024-02-18,2,364.36,Occasionnel
CUST_0610,2024-02-18,2,1368.92,Régulier
CUST_0994,2024-02-18,4,507.33,Régulier
CUST_0702,2024-02-18,4,1148.94,Régulier
CUST_0822,2024-02-18,8,1444.79,Régulier
CUST_0830,2024-02-20,3,174.1,Occasionnel
CUST_0722,2024-02-20,3,281.69,Occasionnel
CUST_0296,2024-02-20,3,2811.15,Premium
CUST_0768,2024-02-21,3,2052.81,Premium
CUST_0213,2024-02-22,5,231.69,Occasionnel
CUST_0746,2024-02-22,3,1380.77,Régulier
CUST_0313,2024-02-22,6,1573.93,Régulier
CUST_0993,2024-02-22,7,2143.99,Premium
CUST_0742,2024-02-23,7,5662.21,Premium
CUST_0622,2024-02-23,2,355.05,Occasionnel
CUST_0267,2024-02-23,5,1141.77,Régulier
CUST_0030,2024-02-23,1,124.95,Occasionnel
CUST_0630,2024-02-24,4,3023.93,Premium
CUST_0164,2024-02-24,3,185.18,Occasionnel
CUST_0541,2024-02-25,3,1062.38,Régulier
CUST_0061,2024-02-25,4,509.15,Régulier
CUST_1000,2024-02-26,3,2435.88,Premium
CUST_0025,2024-02-26,3,183.44,Occasionnel
CUST_0525,2024-02-26,3,938.78,Régulier
CUST_0853,2024-02-27,5,1406.27,Régulier
CUST_0511,2024-02-27,3,1048.61,Régulier
CUST_0739,2024-02-27,2,79.75,Occasionnel
CUST_0963,2024-02-28,6,2243.61,Premium
CUST_0388,2024-02-29,5,1987.22,Régulier
CUST_0923,2024-02-29,3,2384.27,Premium
CUST_0040,2024-03-02,4,1756.43,Régulier
CUST_0825,2024-03-03,3,137.49,Occasionnel
CUST_0219,2024-03-03,4,3304.86,Premium
CUST_0282,2024-03-04,6,5372.14,Premium
CUST_0598,2024-03-04,4,1165.49,Régulier
CUST_0558,2024-03-04,3,2716.19,Premium
CUST_0242,2024-03-05,5,3125.85,Premium
CUST_0735,2024-03-05,6,714.29,Régulier
CUST_0489,2024-03-06,4,452.05,Occasionnel
CUST_0900,2024-03-06,4,2633.13,Premium
CUST_0245,2024-03-06,2,5627.76,Premium
CUST_0902,2024-03-06,7,1452.64,Régulier
CUST_0316,2024-03-06,5,189.05,Occasionnel
CUST_0611,2024-03-07,2,475.7,Occasionnel
CUST_0369,2024-03-08,3,497.09,Occasionnel
CUST_0500,2024-03-08,2,314.98,Occasionnel
CUST_0333,2024-03-08,5,4602.36,Premium
CUST_0701,2024-03-09,2,781.69,Régulier
CUST_0221,2024-03-10,2,1253.44,Régulier
CUST_0368,2024-03-12,3,511.58,Régulier
CUST_0475,2024-03-13,4,877.75,Régulier
CUST_0424,2024-03-14,3,1095.2,Régulier
CUST_0613,2024-03-14,1,142.38,Occasionnel
CUST_0781,2024-03-17,5,2797.76,Premium
CUST_0194,2024-03-18,4,2203.05,Premium
CUST_0648,2024-03-19,4,1578.5,Régulier
CUST_0750,2024-03-20,4,1528.73,Régulier
CUST_0698,2024-03-21,3,438.22,Occasionnel
CUST_0861,2024-03-22,1,252.12,Occasionnel
CUST_0964,2024-03-22,1,1551.99,Régulier
CUST_0120,2024-03-23,2,756.66,Régulier
CUST_0108,2024-03-24,3,1367.05,Régulier
CUST_0737,2024-03-24,1,2333.14,Premium
CUST_0603,2024-03-24,3,1200.51,Régulier
CUST_0535,2024-03-26,2,2632.6,Premium
CUST_0561,2024-03-26,4,1888.28,Régulier
CUST_0943,2024-03-28,2,716.97,Régulier
CUST_0481,2024-03-28,4,231.25,Occasionnel
CUST_0832,2024-03-28,4,1374.82,Régulier
CUST_0151,2024-03-28,4,1302.23,Régulier
CUST_0847,2024-03-29,4,486.81,Occasionnel
CUST_0137,2024-03-29,3,402.52,Occasionnel
CUST_0906,2024-03-30,3,247.01,Occasionnel
CUST_0862,2024-03-30,2,122.57,Occasionnel
CUST_0099,2024-03-30,4,6904.49,Premium
CUST_0087,2024-03-31,3,2063.01,Premium
CUST_0925,2024-04-01,4,4993.44,Premium
CUST_0961,2024-04-04,1,140.8,Occasionnel
CUST_0930,2024-04-04,5,2455.16,Premium
CUST_0914,2024-04-05,8,1748.3,Régulier
CUST_0771,2024-04-05,4,2156.28,Premium
CUST_0997,2024-04-06,1,141.34,Occasionnel
CUST_0926,2024-04-06,3,483.33,Occasionnel
CUST_0019,2024-04-07,6,3200.94,Premium
CUST_0345,2024-04-10,2,450.22,Occasionnel
CUST_0656,2024-04-10,2,402.95,Occasionnel
CUST_0979,2024-04-11,3,303.06,Occasionnel
CUST_0425,2024-04-12,4,1812.21,Régulier
CUST_0782,2024-04-12,5,261.47,Occasionnel
CUST_0513,2024-04-16,3,1329.15,Régulier
CUST_0809,2024-04-18,5,2943.42,Premium
CUST_0857,2024-04-18,3,851.33,Régulier
CUST_0649,2024-04-19,2,896.75,Régulier
CUST_0358,2024-04-20,4,1955.47,Régulier
CUST_0174,2024-04-22,2,465.23,Occasionnel
CUST_0730,2024-04-23,6,3605.2,Premium
CUST_0058,2024-04-24,2,769.21,Régulier
CUST_0200,2024-04-25,3,472.54,Occasionnel
CUST_0975,2024-04-26,6,1993.22,Régulier
CUST_0454,2024-04-28,2,458.08,Occasionnel
CUST_0931,2024-04-28,4,2535.94,Premium
CUST_0758,2024-05-01,7,2023.86,Premium
CUST_0682,2024-05-01,5,1790.51,Régulier
CUST_0715,2024-05-12,3,314.99,Occasionnel
CUST_0365,2024-05-16,4,860.18,Régulier
CUST_0589,2024-05-17,3,1845.88,Régulier
CUST_0229,2024-05-19,3,762.98,Régulier
CUST_0337,2024-05-23,4,2135.39,Premium
CUST_0537,2024-05-26,4,2055.09,Premium
CUST_0731,2024-05-26,1,1084.8,Régulier
CUST_0986,2024-05-29,3,724.03,Régulier
CUST_0223,2024-05-31,3,1148.13,Régulier
CUST_0001,2024-06-02,1,143.56,Occasionnel
CUST_0842,2024-06-03,3,163.21,Occasionnel
CUST_0041,2024-06-09,2,1332.82,Régulier
CUST_0618,2024-06-11,1,31.79,Occasionnel
CUST_0098,2024-06-11,1,498.76,Occasionnel
CUST_0636,2024-06-12,3,290.68,Occasionnel
CUST_0871,2024-06-15,2,1274.99,Régulier
CUST_0523,2024-06-17,2,211.89,Occasionnel
CUST_0116,2024-06-19,2,1447.18,Régulier
CUST_0045,2024-06-19,1,193.97,Occasionnel
CUST_0922,2024-06-24,5,2329.72,Premium
CUST_0568,2024-06-26,2,547.03,Régulier
CUST_0911,2024-07-05,3,237.03,Occasionnel
CUST_0127,2024-07-08,4,1380.84,Régulier
CUST_0438,2024-07-08,2,180.0,Occasionnel
CUST_0718,2024-07-09,5,2562.8,Premium
CUST_0435,2024-07-22,2,545.7,Régulier
CUST_0609,2024-07-24,4,5728.4,Premium
CUST_0734,2024-07-24,3,3578.71,Premium
CUST_0694,2024-07-30,2,251.5,Occasionnel
CUST_0666,2024-07-30,4,3973.86,Premium
CUST_0681,2024-08-08,5,978.77,Régulier
CUST_0577,2024-08-09,2,277.46,Occasionnel
CUST_0839,2024-08-15,2,328.91,Occasionnel
CUST_0203,2024-08-22,2,492.66,Occasionnel
CUST_0320,2024-09-01,2,263.5,Occasionnel
CUST_0192,2024-09-22,2,85.02,Occasionnel
CUST_0104,2024-09-24,1,260.5,Occasionnel
CUST_0380,2024-09-28,5,1210.53,Régulier
CUST_0693,2024-10-01,1,492.96,Occasionnel
CUST_0139,2024-10-20,2,241.3,Occasionnel
CUST_0765,2024-10-22,3,990.63,Régulier
CUST_0064,2024-11-01,1,449.01,Occasionnel
CUST_0517,2024-11-20,1,501.06,Régulier
CUST_0531,2024-11-30,1,253.48,Occasionnel
CUST_0643,2024-12-03,2,617.24,Régulier
CUST_0452,2025-02-22,1,0.0,Occasionnel
CUST_0290,2025-03-17,1,1783.14,Régulier
CUST_0921,2025-05-14,1,107.42,Occasionnel
CUST_0016,2025-05-25,1,396.84,Occasionnel
CUST_0086,2025-08-10,1,361.28,Occasionnel
CUST_0334,2025-09-13,1,297.1,Occasionnel
